file,dataset_name,epsilon,attack_method,adversarial_model_name,method,state,mae,rmse,,,
log2025-06-13 03:14:13.720779.txt,campus_processed,0.05,FGSM,,Mixup,擾動,10.43859634,14.9751482,,10.44,14.98
log2025-06-13 03:14:13.720779.txt,campus_processed,0.05,FGSM,,Mixup,未擾動,9.238258648,13.7409638,,9.24,13.74
log2025-06-13 03:14:13.720779.txt,campus_processed,0.05,FGSM,,Normal,擾動,11.74720182,15.84307706,,11.75,15.84
log2025-06-13 03:14:13.720779.txt,campus_processed,0.05,FGSM,,Normal,未擾動,8.8078125,13.21611598,,8.81,13.22
log2025-06-13 03:31:24.555918.txt,campus_processed,0.05,FGSM,,Mixup,擾動,12.65068808,17.33400279,,12.65,17.33
log2025-06-13 03:31:24.555918.txt,campus_processed,0.05,FGSM,,Mixup,未擾動,10.98594894,16.05276228,,10.99,16.05
log2025-06-13 03:31:24.555918.txt,campus_processed,0.05,FGSM,,Normal,擾動,11.92972994,15.95209915,,11.93,15.95
log2025-06-13 03:31:24.555918.txt,campus_processed,0.05,FGSM,,Normal,未擾動,8.92607708,13.29735944,,8.93,13.3
log2025-06-13 03:42:39.260221.txt,campus_processed,0.05,Normal,,Mixup,擾動,10.00663404,13.91393821,,10.01,13.91
log2025-06-13 03:42:39.260221.txt,campus_processed,0.05,Normal,,Mixup,未擾動,9.546594143,14.07720306,,9.55,14.08
log2025-06-13 03:42:39.260221.txt,campus_processed,0.05,Normal,,Normal,擾動,11.05855837,14.74246597,,11.06,14.74
log2025-06-13 03:42:39.260221.txt,campus_processed,0.05,Normal,,Normal,未擾動,8.805808973,13.20381815,,8.81,13.2
log2025-06-13 03:55:43.378054.txt,campus_processed,0.05,Normal,,Mixup,擾動,10.72983894,14.87351593,,10.73,14.87
log2025-06-13 03:55:43.378054.txt,campus_processed,0.05,Normal,,Mixup,未擾動,10.83919668,16.24456619,,10.84,16.24
log2025-06-13 03:55:43.378054.txt,campus_processed,0.05,Normal,,Normal,擾動,10.92385063,14.72787132,,10.92,14.73
log2025-06-13 03:55:43.378054.txt,campus_processed,0.05,Normal,,Normal,未擾動,8.900527239,13.31025419,,8.9,13.31
log2025-06-13 04:07:53.803841.txt,campus_processed,0.12,FGSM,,AT,擾動,12.03816366,18.05258864,,12.04,18.05
log2025-06-13 04:07:53.803841.txt,campus_processed,0.12,FGSM,,AT,未擾動,10.60425119,16.544365,,10.6,16.54
log2025-06-13 04:07:53.803841.txt,campus_processed,0.12,FGSM,,Normal,擾動,19.01828814,24.65796073,,19.02,24.66
log2025-06-13 04:07:53.803841.txt,campus_processed,0.12,FGSM,,Normal,未擾動,8.928678608,13.30280911,,8.93,13.3
log2025-06-13 04:23:52.452317.txt,campus_processed,0.12,FGSM,,Mixup,擾動,14.14055405,19.41223379,,14.14,19.41
log2025-06-13 04:23:52.452317.txt,campus_processed,0.12,FGSM,,Mixup,未擾動,11.53220873,17.30157766,,11.53,17.3
log2025-06-13 04:23:52.452317.txt,campus_processed,0.12,FGSM,,Normal,擾動,18.18873787,23.64282328,,18.19,23.64
log2025-06-13 04:23:52.452317.txt,campus_processed,0.12,FGSM,,Normal,未擾動,9.02377243,13.40921553,,9.02,13.41
log2025-06-13 04:32:33.960522.txt,campus_processed,0.12,Normal,,AT,擾動,10.19934349,14.2859363,,10.2,14.29
log2025-06-13 04:32:33.960522.txt,campus_processed,0.12,Normal,,AT,未擾動,10.63771915,16.65973103,,10.64,16.66
log2025-06-13 04:32:33.960522.txt,campus_processed,0.12,Normal,,Normal,擾動,21.18927956,26.32621645,,21.19,26.33
log2025-06-13 04:32:33.960522.txt,campus_processed,0.12,Normal,,Normal,未擾動,9.048544312,13.55269456,,9.05,13.55
log2025-06-13 04:45:00.367299.txt,campus_processed,0.12,Normal,,Mixup,擾動,12.53189859,16.14077929,,12.53,16.14
log2025-06-13 04:45:00.367299.txt,campus_processed,0.12,Normal,,Mixup,未擾動,11.78708534,17.5172333,,11.79,17.52
log2025-06-13 04:45:00.367299.txt,campus_processed,0.12,Normal,,Normal,擾動,22.04730415,27.39848709,,22.05,27.4
log2025-06-13 04:45:00.367299.txt,campus_processed,0.12,Normal,,Normal,未擾動,9.014467907,13.31664892,,9.01,13.32
log2025-06-13 04:52:34.335426.txt,campus_processed,0.2,FGSM,,AT,擾動,13.27617683,20.12397535,,13.28,20.12
log2025-06-13 04:52:34.335426.txt,campus_processed,0.2,FGSM,,AT,未擾動,10.74777298,17.3353497,,10.75,17.34
log2025-06-13 04:52:34.335426.txt,campus_processed,0.2,FGSM,,Normal,擾動,25.48277531,33.96311896,,25.48,33.96
log2025-06-13 04:52:34.335426.txt,campus_processed,0.2,FGSM,,Normal,未擾動,8.90197401,13.26665877,,8.9,13.27
log2025-06-13 05:06:16.582193.txt,campus_processed,0.2,FGSM,,Mixup,擾動,15.39296875,21.48446373,,15.39,21.48
log2025-06-13 05:06:16.582193.txt,campus_processed,0.2,FGSM,,Mixup,未擾動,12.65061769,18.91317951,,12.65,18.91
log2025-06-13 05:06:16.582193.txt,campus_processed,0.2,FGSM,,Normal,擾動,27.88359089,36.14733329,,27.88,36.15
log2025-06-13 05:06:16.582193.txt,campus_processed,0.2,FGSM,,Normal,未擾動,8.723253059,13.06563665,,8.72,13.07
log2025-06-13 05:17:11.148968.txt,campus_processed,0.2,Normal,,AT,擾動,11.00444355,15.70177695,,11,15.7
log2025-06-13 05:17:11.148968.txt,campus_processed,0.2,Normal,,AT,未擾動,10.71831789,17.39652285,,10.72,17.4
log2025-06-13 05:17:11.148968.txt,campus_processed,0.2,Normal,,Normal,擾動,31.63763561,39.09086928,,31.64,39.09
log2025-06-13 05:17:11.148968.txt,campus_processed,0.2,Normal,,Normal,未擾動,8.861218834,13.11758166,,8.86,13.12
log2025-06-13 05:30:53.468010.txt,campus_processed,0.2,Normal,,Mixup,擾動,13.44283352,17.21591455,,13.44,17.22
log2025-06-13 05:30:53.468010.txt,campus_processed,0.2,Normal,,Mixup,未擾動,12.20748672,17.91886297,,12.21,17.92
log2025-06-13 05:30:53.468010.txt,campus_processed,0.2,Normal,,Normal,擾動,32.0505043,39.48406749,,32.05,39.48
log2025-06-13 05:30:53.468010.txt,campus_processed,0.2,Normal,,Normal,未擾動,8.835262489,13.10560062,,8.84,13.11
log2025-06-13 05:41:18.362816.txt,CERNET,0.05,FGSM,,AT,擾動,1794.769214,2296.808162,,1794.77,2296.81
log2025-06-13 05:41:18.362816.txt,CERNET,0.05,FGSM,,AT,未擾動,1429.546851,1915.186085,,1429.55,1915.19
log2025-06-13 05:41:18.362816.txt,CERNET,0.05,FGSM,,Normal,擾動,1784.518945,2232.103863,,1784.52,2232.1
log2025-06-13 05:41:18.362816.txt,CERNET,0.05,FGSM,,Normal,未擾動,1290.27467,1738.285309,,1290.27,1738.29
log2025-06-13 05:48:17.872173.txt,CERNET,0.05,FGSM,,Mixup,擾動,1741.529333,2279.161077,,1741.53,2279.16
log2025-06-13 05:48:17.872173.txt,CERNET,0.05,FGSM,,Mixup,未擾動,1368.651208,1878.873463,,1368.65,1878.87
log2025-06-13 05:48:17.872173.txt,CERNET,0.05,FGSM,,Normal,擾動,1855.131982,2289.464514,,1855.13,2289.46
log2025-06-13 05:48:17.872173.txt,CERNET,0.05,FGSM,,Normal,未擾動,1331.775928,1774.621029,,1331.78,1774.62
log2025-06-13 05:55:19.419372.txt,CERNET,0.05,Normal,,AT,擾動,1524.564075,2081.717983,,1524.56,2081.72
log2025-06-13 05:55:19.419372.txt,CERNET,0.05,Normal,,AT,未擾動,1493.155127,1977.815534,,1493.16,1977.82
log2025-06-13 05:55:19.419372.txt,CERNET,0.05,Normal,,Normal,擾動,1623.660425,2091.075444,,1623.66,2091.08
log2025-06-13 05:55:19.419372.txt,CERNET,0.05,Normal,,Normal,未擾動,1301.976599,1759.526455,,1301.98,1759.53
log2025-06-13 06:01:36.512691.txt,CERNET,0.05,Normal,,Mixup,擾動,1421.294043,2070.80261,,1421.29,2070.8
log2025-06-13 06:01:36.512691.txt,CERNET,0.05,Normal,,Mixup,未擾動,1376.278149,1890.885896,,1376.28,1890.89
log2025-06-13 06:01:36.512691.txt,CERNET,0.05,Normal,,Normal,擾動,1559.58363,2030.064851,,1559.58,2030.06
log2025-06-13 06:01:36.512691.txt,CERNET,0.05,Normal,,Normal,未擾動,1344.555347,1789.131868,,1344.56,1789.13
log2025-06-13 06:08:04.526350.txt,CERNET,0.12,FGSM,,AT,擾動,2280.299487,2936.244907,,2280.3,2936.24
log2025-06-13 06:08:04.526350.txt,CERNET,0.12,FGSM,,Mixup,未擾動,1592.818115,2159.18411,,1592.82,2159.18
log2025-06-13 06:08:04.526350.txt,CERNET,0.12,FGSM,,Normal,擾動,2644.784106,3327.127077,,2644.78,3327.13
log2025-06-13 06:08:04.526350.txt,CERNET,0.12,FGSM,,Normal,未擾動,1329.764172,1780.784803,,1329.76,1780.78
log2025-06-13 06:15:55.782823.txt,CERNET,0.12,FGSM,,Mixup,擾動,2290.536401,2897.569122,,2290.54,2897.57
log2025-06-13 06:15:55.782823.txt,CERNET,0.12,FGSM,,Mixup,未擾動,1400.30321,1941.661554,,1400.3,1941.66
log2025-06-13 06:15:55.782823.txt,CERNET,0.12,FGSM,,Normal,擾動,2759.518579,3401.838066,,2759.52,3401.84
log2025-06-13 06:15:55.782823.txt,CERNET,0.12,FGSM,,Normal,未擾動,1347.691455,1796.396733,,1347.69,1796.4
log2025-06-13 06:22:39.335652.txt,CERNET,0.12,Normal,,AT,擾動,1899.94541,2589.419519,,1899.95,2589.42
log2025-06-13 06:22:39.335652.txt,CERNET,0.12,Normal,,AT,未擾動,1501.027612,2040.931596,,1501.03,2040.93
log2025-06-13 06:22:39.335652.txt,CERNET,0.12,Normal,,Normal,擾動,2941.276929,3464.881589,,2941.28,3464.88
log2025-06-13 06:22:39.335652.txt,CERNET,0.12,Normal,,Normal,未擾動,1357.166223,1829.302883,,1357.17,1829.3
log2025-06-13 06:33:56.364624.txt,CERNET,0.12,Normal,,Mixup,擾動,2223.655725,2907.164308,,2223.66,2907.16
log2025-06-13 06:33:56.364624.txt,CERNET,0.12,Normal,,Mixup,未擾動,1466.589404,2018.139761,,1466.59,2018.14
log2025-06-13 06:33:56.364624.txt,CERNET,0.12,Normal,,Normal,擾動,2763.836621,3291.899308,,2763.84,3291.9
log2025-06-13 06:33:56.364624.txt,CERNET,0.12,Normal,,Normal,未擾動,1324.210889,1768.751781,,1324.21,1768.75
log2025-06-13 06:40:26.101445.txt,CERNET,0.2,FGSM,,AT,擾動,2483.466797,3368.59491,,2483.47,3368.59
log2025-06-13 06:40:26.101445.txt,CERNET,0.2,FGSM,,AT,未擾動,1798.999227,2492.932514,,1799,2492.93
log2025-06-13 06:40:26.101445.txt,CERNET,0.2,FGSM,,Normal,擾動,3546.763536,4578.881919,,3546.76,4578.88
log2025-06-13 06:40:26.101445.txt,CERNET,0.2,FGSM,,Normal,未擾動,1375.926907,1834.439323,,1375.93,1834.44
log2025-06-13 07:00:45.927126.txt,campus_processed,0.06,FGSM,,AT,擾動,10.53108912,15.28757269,,10.53,15.29
log2025-06-13 07:00:45.927126.txt,campus_processed,0.06,FGSM,,AT,未擾動,9.108456993,13.84069218,,9.11,13.84
log2025-06-13 07:00:45.927126.txt,campus_processed,0.06,FGSM,,Normal,擾動,12.91946001,17.20488432,,12.92,17.2
log2025-06-13 07:00:45.927126.txt,campus_processed,0.06,FGSM,,Normal,未擾動,9.015975761,13.40236923,,9.02,13.4
log2025-06-13 07:16:13.103331.txt,campus_processed,0.06,FGSM,,Mixup,擾動,12.4846405,17.40929132,,12.48,17.41
log2025-06-13 07:16:13.103331.txt,campus_processed,0.06,FGSM,,Mixup,未擾動,10.9629179,16.19947399,,10.96,16.2
log2025-06-13 07:16:13.103331.txt,campus_processed,0.06,FGSM,,Normal,擾動,13.03101721,17.29404812,,13.03,17.29
log2025-06-13 07:16:13.103331.txt,campus_processed,0.06,FGSM,,Normal,未擾動,9.283346558,13.83392752,,9.28,13.83
log2025-06-13 07:24:57.540063.txt,campus_processed,0.06,Normal,,AT,擾動,9.487986851,13.47727759,,9.49,13.48
log2025-06-13 07:24:57.540063.txt,campus_processed,0.06,Normal,,AT,未擾動,9.350346756,14.22672949,,9.35,14.23
log2025-06-13 07:24:57.540063.txt,campus_processed,0.06,Normal,,Normal,擾動,11.91829529,15.63029411,,11.92,15.63
log2025-06-13 07:24:57.540063.txt,campus_processed,0.06,Normal,,Normal,未擾動,8.995145702,13.37639227,,9,13.38
log2025-06-13 07:36:52.045246.txt,campus_processed,0.06,Normal,,Mixup,擾動,11.12275743,14.90140101,,11.12,14.9
log2025-06-13 07:36:52.045246.txt,campus_processed,0.06,Normal,,Mixup,未擾動,10.709657,15.98482382,,10.71,15.98
log2025-06-13 07:36:52.045246.txt,campus_processed,0.06,Normal,,Normal,擾動,12.0386323,15.79458167,,12.04,15.79
log2025-06-13 07:36:52.045246.txt,campus_processed,0.06,Normal,,Normal,未擾動,8.974845028,13.41585396,,8.97,13.42
log2025-06-13 07:45:59.277932.txt,campus_processed,0.09,FGSM,,AT,擾動,11.72786608,17.13133527,,11.73,17.13
log2025-06-13 07:45:59.277932.txt,campus_processed,0.09,FGSM,,AT,未擾動,10.13080959,15.67035122,,10.13,15.67
log2025-06-13 07:45:59.277932.txt,campus_processed,0.09,FGSM,,Normal,擾動,15.47318687,20.49797723,,15.47,20.5
log2025-06-13 07:45:59.277932.txt,campus_processed,0.09,FGSM,,Normal,未擾動,8.798562336,13.11381333,,8.8,13.11
log2025-06-13 07:58:50.476761.txt,campus_processed,0.09,FGSM,,Mixup,擾動,13.51057529,18.62847463,,13.51,18.63
log2025-06-13 07:58:50.476761.txt,campus_processed,0.09,FGSM,,Mixup,未擾動,11.29022894,16.80069444,,11.29,16.8
log2025-06-13 07:58:50.476761.txt,campus_processed,0.09,FGSM,,Normal,擾動,16.66399145,21.76303089,,16.66,21.76
log2025-06-13 07:58:50.476761.txt,campus_processed,0.09,FGSM,,Normal,未擾動,8.635228729,12.88462556,,8.64,12.88
log2025-06-13 08:07:15.216758.txt,campus_processed,0.09,Normal,,AT,擾動,10.17331266,13.97143071,,10.17,13.97
log2025-06-13 08:07:15.216758.txt,campus_processed,0.09,Normal,,AT,未擾動,9.985558414,15.34252293,,9.99,15.34
log2025-06-13 08:07:15.216758.txt,campus_processed,0.09,Normal,,Normal,擾動,18.30609436,22.99754375,,18.31,23
log2025-06-13 08:07:15.216758.txt,campus_processed,0.09,Normal,,Normal,未擾動,8.75000782,13.09140095,,8.75,13.09
log2025-06-13 08:20:04.110961.txt,campus_processed,0.09,Normal,,Mixup,擾動,11.6619215,15.2523517,,11.66,15.25
log2025-06-13 08:20:04.110961.txt,campus_processed,0.09,Normal,,Mixup,未擾動,11.07691879,16.71196186,,11.08,16.71
log2025-06-13 08:20:04.110961.txt,campus_processed,0.09,Normal,,Normal,擾動,17.444627,22.06730331,,17.44,22.07
log2025-06-13 08:20:04.110961.txt,campus_processed,0.09,Normal,,Normal,未擾動,8.839910793,13.03842647,,8.84,13.04
log2025-06-13 08:29:22.231981.txt,campus_processed,0.15,FGSM,,AT,擾動,12.49687204,18.83337368,,12.5,18.83
log2025-06-13 08:29:22.231981.txt,campus_processed,0.15,FGSM,,AT,未擾動,10.80511465,17.05628981,,10.81,17.06
log2025-06-13 08:29:22.231981.txt,campus_processed,0.15,FGSM,,Normal,擾動,20.10545435,26.87227489,,20.11,26.87
log2025-06-13 08:29:22.231981.txt,campus_processed,0.15,FGSM,,Normal,未擾動,8.70961504,13.22096185,,8.71,13.22
log2025-06-13 08:43:03.916871.txt,campus_processed,0.15,FGSM,,Mixup,擾動,14.68402281,20.25601959,,14.68,20.26
log2025-06-13 08:43:03.916871.txt,campus_processed,0.15,FGSM,,Mixup,未擾動,11.97209578,18.00619658,,11.97,18.01
log2025-06-13 08:43:03.916871.txt,campus_processed,0.15,FGSM,,Normal,擾動,22.42087822,29.14941051,,22.42,29.15
log2025-06-13 08:43:03.916871.txt,campus_processed,0.15,FGSM,,Normal,未擾動,8.814433193,13.20829011,,8.81,13.21
log2025-06-13 08:52:11.277597.txt,campus_processed,0.15,Normal,,AT,擾動,10.33513708,14.4454707,,10.34,14.45
log2025-06-13 08:52:11.277597.txt,campus_processed,0.15,Normal,,AT,未擾動,10.69188662,16.86622218,,10.69,16.87
log2025-06-13 08:52:11.277597.txt,campus_processed,0.15,Normal,,Normal,擾動,25.58609867,32.11460653,,25.59,32.11
log2025-06-13 08:52:11.277597.txt,campus_processed,0.15,Normal,,Normal,未擾動,8.76744442,13.12487869,,8.77,13.12
log2025-06-13 09:07:53.970514.txt,campus_processed,0.15,Normal,,Mixup,擾動,12.31450529,15.73712217,,12.31,15.74
log2025-06-13 09:07:53.970514.txt,campus_processed,0.15,Normal,,Mixup,未擾動,12.06749296,18.05028611,,12.07,18.05
log2025-06-13 09:07:53.970514.txt,campus_processed,0.15,Normal,,Normal,擾動,25.92151413,32.13788093,,25.92,32.14
log2025-06-13 09:07:53.970514.txt,campus_processed,0.15,Normal,,Normal,未擾動,8.832684326,13.11155691,,8.83,13.11
log2025-06-13 09:18:00.059082.txt,CERNET,0.06,FGSM,,AT,擾動,1843.077295,2328.570387,,1843.08,2328.57
log2025-06-13 09:18:00.059082.txt,CERNET,0.06,FGSM,,AT,未擾動,1412.521252,1881.711232,,1412.52,1881.71
log2025-06-13 09:18:00.059082.txt,CERNET,0.06,FGSM,,Normal,擾動,1951.073206,2442.507683,,1951.07,2442.51
log2025-06-13 09:18:00.059082.txt,CERNET,0.06,FGSM,,Normal,未擾動,1326.985217,1783.483001,,1326.99,1783.48
log2025-06-13 09:25:22.857255.txt,CERNET,0.06,FGSM,,Mixup,擾動,1830.764587,2382.480276,,1830.76,2382.48
log2025-06-13 09:25:22.857255.txt,CERNET,0.06,FGSM,,Mixup,未擾動,1427.594666,1938.993087,,1427.59,1938.99
log2025-06-13 09:25:22.857255.txt,CERNET,0.06,FGSM,,Normal,擾動,1939.974036,2403.621823,,1939.97,2403.62
log2025-06-13 09:25:22.857255.txt,CERNET,0.06,FGSM,,Normal,未擾動,1317.501025,1772.200218,,1317.5,1772.2
log2025-06-13 09:31:53.430175.txt,CERNET,0.06,Normal,,AT,擾動,1572.760095,2150.419523,,1572.76,2150.42
log2025-06-13 09:31:53.430175.txt,CERNET,0.06,Normal,,AT,未擾動,1449.66842,1932.723104,,1449.67,1932.72
log2025-06-13 09:31:53.430175.txt,CERNET,0.06,Normal,,Normal,擾動,1731.218701,2205.03314,,1731.22,2205.03
log2025-06-13 09:31:53.430175.txt,CERNET,0.06,Normal,,Normal,未擾動,1293.165234,1746.238627,,1293.17,1746.24
log2025-06-13 09:39:21.598190.txt,CERNET,0.06,Normal,,Mixup,擾動,1554.928174,2212.061101,,1554.93,2212.06
log2025-06-13 09:39:21.598190.txt,CERNET,0.06,Normal,,Mixup,未擾動,1313.749683,1868.962091,,1313.75,1868.96
log2025-06-13 09:39:21.598190.txt,CERNET,0.06,Normal,,Normal,擾動,1808.240039,2292.976697,,1808.24,2292.98
log2025-06-13 09:39:21.598190.txt,CERNET,0.06,Normal,,Normal,未擾動,1320.989905,1788.427516,,1320.99,1788.43
log2025-06-13 09:45:45.103032.txt,CERNET,0.09,FGSM,,AT,擾動,2038.6776,2640.217302,,2038.68,2640.22
log2025-06-13 09:45:45.103032.txt,CERNET,0.09,FGSM,,AT,未擾動,1512.406421,2023.208016,,1512.41,2023.21
log2025-06-13 09:45:45.103032.txt,CERNET,0.09,FGSM,,Normal,擾動,2298.211548,2849.936129,,2298.21,2849.94
log2025-06-13 09:45:45.103032.txt,CERNET,0.09,FGSM,,Normal,未擾動,1346.553796,1800.590474,,1346.55,1800.59
log2025-06-13 09:51:43.508351.txt,CERNET,0.09,FGSM,,Mixup,擾動,2038.480005,2659.893642,,2038.48,2659.89
log2025-06-13 09:51:43.508351.txt,CERNET,0.09,FGSM,,Mixup,未擾動,1437.733154,1980.779588,,1437.73,1980.78
log2025-06-13 09:51:43.508351.txt,CERNET,0.09,FGSM,,Normal,擾動,2280.213416,2834.944163,,2280.21,2834.94
log2025-06-13 09:51:43.508351.txt,CERNET,0.09,FGSM,,Normal,未擾動,1283.121277,1741.893303,,1283.12,1741.89
log2025-06-13 09:58:49.145648.txt,CERNET,0.09,Normal,,AT,擾動,1735.785474,2386.579282,,1735.79,2386.58
log2025-06-13 09:58:49.145648.txt,CERNET,0.09,Normal,,AT,未擾動,1585.002466,2112.152337,,1585,2112.15
log2025-06-13 09:58:49.145648.txt,CERNET,0.09,Normal,,Normal,擾動,2167.595898,2674.753902,,2167.6,2674.75
log2025-06-13 09:58:49.145648.txt,CERNET,0.09,Normal,,Normal,未擾動,1334.91991,1784.822986,,1334.92,1784.82
log2025-06-13 10:04:51.415622.txt,CERNET,0.09,Normal,,Mixup,擾動,1898.815369,2592.403905,,1898.82,2592.4
log2025-06-13 10:04:51.415622.txt,CERNET,0.09,Normal,,Mixup,未擾動,1433.724414,1968.807647,,1433.72,1968.81
log2025-06-13 10:04:51.415622.txt,CERNET,0.09,Normal,,Normal,擾動,2350.351416,2868.892205,,2350.35,2868.89
log2025-06-13 10:04:51.415622.txt,CERNET,0.09,Normal,,Normal,未擾動,1330.039917,1776.655614,,1330.04,1776.66
log2025-06-13 10:10:29.945152.txt,CERNET,0.15,FGSM,,AT,擾動,2364.887231,3120.80319,,2364.89,3120.8
log2025-06-13 10:10:29.945152.txt,CERNET,0.15,FGSM,,AT,未擾動,1700.018945,2321.658676,,1700.02,2321.66
log2025-06-13 10:10:29.945152.txt,CERNET,0.15,FGSM,,Normal,擾動,3001.4646,3815.628301,,3001.46,3815.63
log2025-06-13 10:10:29.945152.txt,CERNET,0.15,FGSM,,Normal,未擾動,1332.481067,1785.847105,,1332.48,1785.85
log2025-06-13 10:19:06.353510.txt,CERNET,0.15,FGSM,,Mixup,擾動,2435.633728,3141.03225,,2435.63,3141.03
log2025-06-13 10:19:06.353510.txt,CERNET,0.15,FGSM,,Mixup,未擾動,1544.86673,2122.282224,,1544.87,2122.28
log2025-06-13 10:19:06.353510.txt,CERNET,0.15,FGSM,,Normal,擾動,3015.836975,3786.146832,,3015.84,3786.15
log2025-06-13 10:19:06.353510.txt,CERNET,0.15,FGSM,,Normal,未擾動,1202.142273,1656.840931,,1202.14,1656.84