y_true,y_pred
221.24113,162.62532
226.49129,192.50536
210.12883,191.39378
184.82791,173.08598
98.33858,117.35962
63.091595,76.86046
55.099182,43.94938
107.09472,33.654686
13.010744,57.263016
7.921282,5.1044025
5.562633,7.2590103
2.839975,6.07782
5.784493,9.877574
4.539411,7.7488327
4.122996,8.501421
3.724765,9.884271
5.778356,3.2134085
15.600524,6.1514235
35.98498,81.79822
102.96361,36.834908
151.21783,170.40309
175.8846,148.70377
169.88307,155.29343
142.92021,178.6072
180.78163,137.44566
198.68158,164.48578
177.82762,162.64705
146.88507,134.52376
63.432747,89.07513
47.48245,35.430046
28.385574,41.229122
33.68771,17.147036
17.206142,8.318487
12.08317,3.9991875
12.366958,4.3193617
13.239306,3.5545392
4.740321,4.0478687
3.059459,5.395133
3.350037,7.4885225
3.348468,15.231673
2.894883,8.44342
8.436723,3.641034
7.471279,38.43273
9.580215,23.88127
16.446095,7.224034
13.704961,37.10182
11.922065,8.224259
11.238963,7.795803
15.004083,6.9665775
11.4959,33.765297
10.050592,6.04929
7.49982,4.503216
10.290734,3.8316584
13.028013,4.3968062
13.315962,4.7070007
5.994844,46.028812
7.798623,4.165348
3.191397,22.48671
3.225355,16.694187
3.671777,21.531061
12.735343,3.4126863
11.412316,62.70099
10.74173,4.6259747
8.298536,4.369048
9.198862,3.8768027
15.154164,3.6834788
12.674455,60.02064
20.031462,4.083329
25.078976,64.50165
32.532757,6.382971
22.570335,84.253815
27.21615,4.95967
21.497572,6.7903624
29.330889,4.415947
20.339466,6.0262785
18.342196,4.522683
12.03273,4.07113
13.447794,3.0355968
6.449114,3.309397
4.82505,3.1421337
3.186586,7.980032
5.404934,3.369814
4.670192,15.9248905
2.605529,31.353352
3.654539,24.01257
1.636531,31.645412
1.76926,19.288166
0.714696,23.254917
0.916535,19.757397
4.606194,20.209843
5.807284,34.47403
23.251587,4.077024
17.91645,95.63573
21.713762,62.22156
16.25557,57.276558
11.503904,5.276702
16.167912,5.026364
12.910089,5.372201
11.889833,4.138792
11.205659,4.139243
7.5969,14.894239
16.40097,3.8039734
14.079923,61.970505
22.579653,4.4225445
20.549091,73.372025
12.445559,63.492355
9.81845,4.036418
7.008069,3.910058
6.241188,3.1643991
1.343348,17.87602
1.824557,5.6569276
2.7019,6.2227526
1.060987,12.572496
0.982282,10.965437
0.7118,28.673264
4.204449,29.118702
7.211273,42.6295
6.895871,51.917175
4.228671,39.86844
3.456844,28.502731
4.122576,22.755108
4.631527,29.241808
4.796996,29.517338
3.162152,31.791279
2.85144,13.387604
1.91544,13.769804
3.814097,28.468857
4.95852,37.19014
5.322897,42.392113
5.30226,41.016273
4.997259,41.39888
3.29278,38.695435
2.987054,31.102222
1.460822,31.42559
1.566121,26.966768
1.526226,29.204365
1.681781,30.545874
9.475216,4.238259
55.283585,5.063778
163.56616,123.93311
196.97754,232.17935
219.18726,231.61797
188.51468,217.25883
173.46086,208.04332
205.60094,175.0486
202.43489,186.70009
219.94327,178.13875
200.3104,170.62007
130.8842,113.712456
115.21863,86.38193
107.57605,74.67642
93.3799,62.579178
65.32629,28.331295
56.700787,9.175707
40.546333,6.8466606
3.453611,7.9645853
5.998936,8.631405
2.392411,7.757595
2.666666,7.9635587
2.386495,5.83015
1.966235,4.889152
11.995869,3.9924958
67.63628,18.191673
160.18723,139.0667
208.95546,191.11719
225.95413,189.52917
213.77806,180.87892
220.45467,189.16783
227.85486,196.15282
236.82198,195.74893
237.46724,189.14244
220.70613,172.70995
167.35382,120.34368
146.533,101.487305
142.48557,88.38026
85.56282,75.25708
40.386215,32.39878
17.5462,9.520283
7.558416,7.1958785
6.785137,9.220371
5.3666,9.546898
5.267684,8.63682
4.232163,8.652585
2.710056,7.326493
5.853996,4.1297736
16.738062,7.431117
80.015144,38.806465
186.78268,164.06862
235.56638,214.075
233.47101,215.74382
222.49294,197.82932
232.233,205.83397
239.57823,217.48912
237.13527,213.09889
239.84508,205.01924
216.99559,183.7158
148.74028,126.21393
111.46867,106.86673
82.95691,94.11354
69.45442,50.586426
33.905422,18.452894
9.39575,7.6638045
9.888463,6.5931826
6.228018,8.827388
5.008592,9.45302
3.980971,8.950716
3.752441,8.807266
4.598343,8.301885
3.039955,12.966409
15.639031,9.502132
67.37592,102.90138
165.3733,182.08899
208.16933,222.7679
228.04756,196.35449
221.37262,192.89731
240.86562,207.85626
242.58376,221.3293
245.17104,215.19072
245.2874,207.5627
224.82741,188.0882
132.0745,121.28511
110.2492,90.55942
102.82318,74.496796
77.9182,61.490185
29.40124,23.995543
9.15161,7.429924
8.336306,6.758657
8.209329,7.366875
8.737482,7.502363
7.317404,6.106806
5.243218,8.551571
3.793148,7.3257127
5.216159,9.184334
15.04646,8.722633
79.37645,37.15518
132.29019,191.33414
206.16484,173.43657
233.37202,184.64937
215.2922,196.89717
212.78273,200.07501
219.82321,201.3033
228.9085,198.86345
225.51129,191.69096
213.20267,161.23856
133.21805,114.58094
122.70624,88.94876
77.10704,91.49092
57.904064,46.635353
19.700827,28.45607
8.457319,6.5966015
11.844856,6.0559993
8.55559,6.6170745
5.911936,8.270397
6.34293,5.174521
4.356502,7.9446573
1.265689,7.067259
1.294297,9.006784
3.694689,34.42124
17.742937,59.94404
26.32395,93.80196
62.731445,22.809093
31.987516,129.80266
28.42731,16.415539
28.215206,18.246048
31.71696,15.121319
23.425875,57.367325
19.170067,10.197385
25.362442,5.628461
3.909888,22.840256
1.802428,10.247284
3.31456,6.723055
2.925469,10.80089
4.476454,11.277298
4.043867,21.744339
2.780489,25.315502
3.060916,29.26876
2.189655,28.870983
4.201117,18.936491
3.487093,33.084633
0.811057,18.389702
1.862788,10.566972
1.88355,13.616243
1.866046,23.40076
3.031966,24.126461
5.418908,3.3616402
7.866282,37.991367
6.950268,48.70851
3.401711,39.322784
3.53159,22.99542
2.672559,28.138641
2.421584,26.51757
4.131798,28.613857
11.619803,4.3321176
4.883384,66.02295
6.687887,3.9621108
6.490547,39.08237
6.610935,43.79386
4.671397,27.834618
3.206992,33.02235
2.649116,24.617817
3.051905,29.036058
1.803035,15.357578
3.121902,28.704754
1.285918,36.75979
1.307635,29.708525
10.612299,4.1367207
66.350685,5.1589084
144.19257,176.62581
225.12616,186.92482
235.1283,209.52522
223.69745,206.09007
236.04268,210.18575
244.14618,217.83939
233.40723,214.65553
242.82707,201.92505
208.0309,189.1548
167.1164,119.98183
124.603165,105.46481
123.04095,87.321335
111.10753,74.132126
47.81795,42.23899
8.369441,12.789505
5.271597,7.8687863
5.028646,9.143055
5.558827,9.684746
4.387871,8.863641
5.572654,9.107107
3.496111,7.7322197
4.670965,8.663038
13.246463,7.7903304
75.651955,32.66124
173.85541,189.83522
225.339,206.67674
236.56532,209.5005
239.87544,201.19704
244.64941,218.53162
244.15639,223.07898
245.0069,217.21532
245.05943,211.35277
235.80595,189.31831
162.38028,132.59088
146.19304,110.96659
112.736725,103.0163
103.690796,70.518616
30.98677,49.60402
10.51587,8.244814
6.492532,8.665572
4.021633,9.31316
4.244646,10.38698
5.700566,8.915079
3.87598,9.489448
3.506739,8.2131605
3.433563,9.346493
20.323612,9.394846
76.735405,116.59955
156.3007,194.34824
222.71219,197.47906
237.34943,207.6027
231.14717,201.41582
225.42438,214.63458
237.01567,211.93689
241.50255,215.88411
218.50334,204.27242
213.12515,168.50623
131.06644,120.419426
105.51773,94.2487
105.73828,75.19702
80.69317,62.079655
53.024494,25.689816
5.233571,11.021322
4.768478,7.9541283
6.282221,8.485911
7.160781,8.851564
4.619797,8.776897
5.004379,8.29014
5.079667,7.96514
3.989988,11.632599
18.006802,8.5055485
88.60692,50.20647
173.90866,192.1619
219.33707,195.91805
199.64583,219.13289
194.38255,176.66351
235.27501,183.98848
243.93594,211.29274
239.78218,204.63869
233.60144,202.54732
210.21413,163.94002
142.42384,111.115036
104.38176,91.809265
101.54871,72.80003
88.033394,52.20002
37.1274,24.433636
7.852753,9.484214
4.658696,7.9605603
6.212383,8.841656
4.520847,9.29216
5.78732,8.197105
4.483139,8.113932
1.237129,5.87879
3.820249,8.600733
13.224332,42.915497
75.54729,37.372486
156.28172,186.02773
196.42546,214.50153
217.10782,181.98619
184.63838,205.0126
202.42557,180.50664
213.80904,191.88399
228.57072,190.50389
226.70403,190.46886
193.23695,167.04984
161.43187,103.12082
123.987495,97.63513
97.31117,80.915825
89.091484,53.830765
23.028336,37.336372
3.82511,8.894397
8.23057,6.241391
3.156636,8.304032
2.619735,8.893749
1.996291,7.2521954
2.40982,7.572104
2.318643,5.878904
1.134787,8.903459
3.422157,29.724195
5.868712,64.459564
11.248172,67.6023
11.95376,41.943573
21.384783,10.192205
20.817852,40.388126
16.125395,39.096115
28.463171,10.106641
24.670801,62.98121
12.051273,38.40251
7.56325,15.928439
3.312738,8.200648
2.383163,10.8710575
3.599543,9.231964
5.543326,10.425637
4.700181,35.22701
1.402448,20.994228
1.998794,22.740273
1.793982,35.88536
0.864218,36.26522
2.007191,27.489447
2.502104,30.191319
1.908404,30.693497
1.577721,27.7077
1.225316,25.845667
3.971508,24.947182
10.771542,4.4977984
4.713237,62.008427
4.977473,26.837679
5.260062,29.622066
6.731588,4.6199718
2.759763,35.890297
4.386271,24.284615
3.739751,31.863426
3.750149,33.747787
2.184843,15.59621
1.742849,31.78614
3.194763,30.390182
5.060367,39.258217
3.808044,44.010788
3.333609,38.781563
6.276487,36.138306
4.112802,47.42125
3.96446,34.16564
1.207034,33.54599
1.82262,24.743816
2.172196,17.198801
1.074376,31.80082
10.192775,4.273785
67.97399,4.982565
146.1881,178.5945
182.04382,218.49947
228.34703,185.20964
219.3516,200.57411
220.30782,202.40912
240.19637,205.18806
241.36258,211.85818
238.11911,206.46434
215.19447,179.53429
155.18082,122.75389
134.97171,101.62185
109.67802,87.17836
78.39078,67.70375
54.705406,27.582733
8.20567,14.05591
5.110817,8.076922
1.814756,8.880508
2.083933,8.929323
3.527815,7.5871806
1.330114,8.28414
1.339219,6.123785
2.004528,9.22275
15.024348,7.1502914
96.52864,41.093033
167.16423,204.64087
202.99443,225.69292
219.40073,185.57057
238.6111,186.52864
244.89523,214.08817
245.10397,225.10635
245.22035,215.10158
245.14262,210.65747
230.26874,167.86409
151.0677,128.5097
130.7903,102.48677
128.86555,87.51268
77.522705,68.71173
39.088825,27.824045
8.65915,11.759598
4.958564,8.3477955
3.398768,9.87076
3.861413,9.548597
2.350858,8.4507475
2.304965,7.8938837
2.43822,7.1575775
2.901829,9.773145
15.822604,10.1766615
95.2721,50.481857
198.05559,181.58714
245.18185,223.35466
244.9219,222.11354
235.4938,210.99826
245.1655,221.42676
245.11876,232.07974
245.1617,220.85667
245.21156,214.69997
244.85068,176.45811
194.90262,138.6982
129.98239,142.74258
133.78308,98.79685
109.8826,76.22339
44.020824,54.342926
7.26674,14.176875
7.166232,8.322648
4.369133,10.273019
3.297577,11.428524
3.14044,9.784003
3.822729,10.08096
3.657801,8.403641
2.013718,9.543546
16.65495,9.895211
86.15509,57.01416
181.60612,204.76149
238.98854,218.60895
244.24908,225.76492
242.61751,209.81029
245.18256,224.11375
245.17894,228.82387
244.90613,224.748
243.92426,216.38219
214.99274,187.44228
173.58313,124.100235
159.08522,116.91041
123.5224,108.55455
92.66743,74.60333
42.668007,33.370575
6.616769,12.414842
5.99239,8.741151
4.534189,9.806561
3.918815,10.266419
2.937521,9.273669
2.681678,9.293411
3.654396,8.259852
4.228861,10.72003
15.610366,10.366838
75.73442,108.03963
175.73941,196.14424
232.03726,210.82042
235.00629,218.59541
233.34506,202.63774
226.48904,217.67336
243.51158,215.94356
243.02165,218.3241
244.65202,209.79651
203.95949,192.1471
142.56888,119.81302
143.38281,101.127914
123.23759,95.61073
99.7381,71.42628
29.275784,44.353252
3.310744,8.994391
2.412412,8.324709
2.547546,9.213032
2.961382,9.866131
2.000516,9.030224
1.185307,8.749482
2.147166,7.9198375
1.805014,9.816657
1.956529,40.491882
11.464711,69.49952
25.239882,93.59102
30.57013,97.50111
43.81356,20.387804
36.385887,73.23843
22.014692,42.174942
30.869614,14.569406
35.99632,16.2624
25.993048,55.45566
12.946503,8.714287
5.46867,9.752579
1.375333,9.847667
1.75505,10.186152
2.903465,8.688612
5.622541,17.868237
5.10563,29.770645
2.324814,31.667683
2.727857,27.020288
5.563117,30.619465
4.592518,40.71053
1.413459,22.32977
2.21245,10.381084
1.492599,15.539775
1.446076,13.359699
1.920671,15.630357
6.062951,3.791604
4.821423,40.38084
5.541161,31.990978
8.293601,4.9721546
4.195262,49.73819
4.990734,25.85224
2.47175,32.78877
2.307945,24.676708
3.033562,16.63252
3.314536,28.417152
1.955073,32.36828
2.605152,31.782124
2.513272,29.60294
3.547871,36.75198
2.752511,40.519585
3.235895,37.233295
1.975065,37.5903
1.2351,31.547228
0.992344,29.300083
0.92517,31.445452
1.271715,30.403156
1.146488,33.522476
12.801917,4.155512
73.58127,5.6023555
156.33392,184.89769
